,incident_name,start,end,event_name,Unnamed: 0,incident,count
0,ballot_box:_Collecting_After_Election,305,376,ballot_box:_Collecting_After_Election_event_0,0,ballot box: Collecting After Election,24617
1,ballot_box:_Collecting_After_Election,599,651,ballot_box:_Collecting_After_Election_event_1,0,ballot box: Collecting After Election,24617
2,ballot_box:_Collecting_After_Election,689,749,ballot_box:_Collecting_After_Election_event_2,0,ballot box: Collecting After Election,24617
3,ballot_box:_Collecting_After_Election,956,1159,ballot_box:_Collecting_After_Election_event_3,0,ballot box: Collecting After Election,24617
4,ballot_box:_Collecting_After_Election,1222,1337,ballot_box:_Collecting_After_Election_event_4,0,ballot box: Collecting After Election,24617
5,ballot_box:_Collecting_After_Election,1337,1383,ballot_box:_Collecting_After_Election_event_5,0,ballot box: Collecting After Election,24617
6,ballot_box:_Fire_Baldwin_Park,757,935,ballot_box:_Fire_Baldwin_Park_event_0,1,ballot box: Fire Baldwin Park,3261
7,ballot_box:_Franklin_County_Police,230,250,ballot_box:_Franklin_County_Police_event_0,2,ballot box: Franklin County Police,4624
8,ballot_harvesting:_Baltimore_elderly_votes,274,351,ballot_harvesting:_Baltimore_elderly_votes_event_0,7,ballot harvesting: Baltimore elderly votes,16352
9,Ballot_harvesting:_Baltimore_elderly_votes,274,351,Ballot_harvesting:_Baltimore_elderly_votes_event_0,8,Ballot harvesting: Baltimore elderly votes,32703
10,ballot_harvesting:_Biden_Texas_Director,7951,8310,ballot_harvesting:_Biden_Texas_Director_event_0,9,ballot harvesting: Biden Texas Director,127833
11,ballot_harvesting:_Biden_Texas_Director,9675,9791,ballot_harvesting:_Biden_Texas_Director_event_1,9,ballot harvesting: Biden Texas Director,127833
12,ballot_harvesting:_Granny_farming_,14825,14867,ballot_harvesting:_Granny_farming__event_0,11,ballot harvesting: Granny farming ,46861
13,ballot_harvesting:_Granny_farming_,23144,23179,ballot_harvesting:_Granny_farming__event_1,11,ballot harvesting: Granny farming ,46861
14,ballot_harvesting:_Granny_farming_,34173,34202,ballot_harvesting:_Granny_farming__event_2,11,ballot harvesting: Granny farming ,46861
15,ballot_harvesting:_Ilhan_Omar_Project_Veritas_Video_,35,591,ballot_harvesting:_Ilhan_Omar_Project_Veritas_Video__event_0,12,ballot harvesting: Ilhan Omar Project Veritas Video ,1251566
16,ballot_harvesting:_Lebron_Bloomberg,337,743,ballot_harvesting:_Lebron_Bloomberg_event_0,13,ballot harvesting: Lebron/Bloomberg,48466
17,ballot_harvesting:_Michigan_Union,209,266,ballot_harvesting:_Michigan_Union_event_0,14,ballot harvesting: Michigan Union,2445
18,Ballot_harvesting:_Minnesota_Somali_voters,444,508,Ballot_harvesting:_Minnesota_Somali_voters_event_0,15,Ballot harvesting: Minnesota Somali voters,2445
19,ballot_harvesting:_new_Michigan_law,1123,1239,ballot_harvesting:_new_Michigan_law_event_0,16,ballot harvesting: new Michigan law,8250
20,"Ballot_harvesting:_Reseda,_California",17,200,"Ballot_harvesting:_Reseda,_California_event_0",18,"Ballot harvesting: Reseda, California",29811
21,Ballot_harvesting:_Texas_ballot_chasers,21119,21256,Ballot_harvesting:_Texas_ballot_chasers_event_0,20,Ballot harvesting: Texas ballot chasers,137462
22,ballot_stuffing:_Don_Jr_Trump_Army,195,288,ballot_stuffing:_Don_Jr_Trump_Army_event_0,24,ballot stuffing: Don Jr Trump Army,4443
23,ballot_stuffing:_MI_ballots_not_on_voter_rolls,167,380,ballot_stuffing:_MI_ballots_not_on_voter_rolls_event_0,26,ballot stuffing: MI ballots not on voter rolls,60181
24,ballot_stuffing:_MI_Van_Votes,485,536,ballot_stuffing:_MI_Van_Votes_event_0,27,ballot stuffing: MI Van Votes,9254
25,ballot_stuffing:_MI_Van_Votes,842,870,ballot_stuffing:_MI_Van_Votes_event_1,27,ballot stuffing: MI Van Votes,9254
26,ballot_stuffing:_MI_wagons_suitcases_and_coolers,802,889,ballot_stuffing:_MI_wagons_suitcases_and_coolers_event_0,28,ballot stuffing: MI wagons suitcases and coolers,23952
27,ballot_stuffing:_MI_wagons_suitcases_and_coolers,899,949,ballot_stuffing:_MI_wagons_suitcases_and_coolers_event_1,28,ballot stuffing: MI wagons suitcases and coolers,23952
28,ballot_stuffing:_MI_wagons_suitcases_and_coolers,976,1141,ballot_stuffing:_MI_wagons_suitcases_and_coolers_event_2,28,ballot stuffing: MI wagons suitcases and coolers,23952
29,ballot_stuffing:_NJ_poll_watcher,19609,19628,ballot_stuffing:_NJ_poll_watcher_event_0,29,ballot stuffing: NJ poll watcher,300
30,ballot_stuffing:_NJ_poll_watcher,19670,19688,ballot_stuffing:_NJ_poll_watcher_event_1,29,ballot stuffing: NJ poll watcher,300
31,ballot_stuffing:_No_down_ticket,2575,2616,ballot_stuffing:_No_down_ticket_event_0,30,ballot stuffing: No down ticket,9963
32,ballot_stuffing:_No_down_ticket,2652,2670,ballot_stuffing:_No_down_ticket_event_1,30,ballot stuffing: No down ticket,9963
33,ballot_stuffing:_No_down_ticket,2670,2825,ballot_stuffing:_No_down_ticket_event_2,30,ballot stuffing: No down ticket,9963
34,ballot_stuffing:_No_down_ticket,2825,3006,ballot_stuffing:_No_down_ticket_event_3,30,ballot stuffing: No down ticket,9963
35,ballot_stuffing:_Short_Lines_Fraud,0,87,ballot_stuffing:_Short_Lines_Fraud_event_0,31,ballot stuffing: Short Lines Fraud,12704
36,civil_war:_general_ticket,17799,17928,civil_war:_general_ticket_event_0,34,civil war: general ticket,1192374
37,civil_war:_general_ticket,18350,18438,civil_war:_general_ticket_event_1,34,civil war: general ticket,1192374
38,civil_war:_general_ticket,18499,18543,civil_war:_general_ticket_event_2,34,civil war: general ticket,1192374
39,civil_war:_general_ticket,19495,19933,civil_war:_general_ticket_event_3,34,civil war: general ticket,1192374
40,civil_war:_general_ticket,27317,27353,civil_war:_general_ticket_event_4,34,civil war: general ticket,1192374
41,coup:_color_revolution,1023,1078,coup:_color_revolution_event_0,35,coup: color revolution,101224
42,coup:_color_revolution,4475,4580,coup:_color_revolution_event_1,35,coup: color revolution,101224
43,coup:_color_revolution,10250,10282,coup:_color_revolution_event_2,35,coup: color revolution,101224
44,coup:_color_revolution,10659,10692,coup:_color_revolution_event_3,35,coup: color revolution,101224
45,coup:_color_revolution,14322,14388,coup:_color_revolution_event_4,35,coup: color revolution,101224
46,coup:_color_revolution,14667,14689,coup:_color_revolution_event_5,35,coup: color revolution,101224
47,coup:_color_revolution,14794,14831,coup:_color_revolution_event_6,35,coup: color revolution,101224
48,coup:_color_revolution,17183,17214,coup:_color_revolution_event_7,35,coup: color revolution,101224
49,coup:_color_revolution,19110,19274,coup:_color_revolution_event_8,35,coup: color revolution,101224
50,coup:_color_revolution,19410,19669,coup:_color_revolution_event_9,35,coup: color revolution,101224
51,coup:_color_revolution,20304,20353,coup:_color_revolution_event_10,35,coup: color revolution,101224
52,coup:_DC_Shutdown,14515,14930,coup:_DC_Shutdown_event_0,36,coup: DC Shutdown,56906
53,coup:_Frozen_Election,367,379,coup:_Frozen_Election_event_0,38,coup: Frozen Election,257
54,coup:_NV_Early_Call_Coup,190,221,coup:_NV_Early_Call_Coup_event_0,40,coup: NV Early Call Coup,4196
55,coup:_SECDEF_Threat,0,74,coup:_SECDEF_Threat_event_0,41,coup: SECDEF Threat,8014
56,coup:_sunrise_movement,968,985,coup:_sunrise_movement_event_0,42,coup: sunrise movement,1422
57,dead_voters:_1900-01-01_birthday,262,512,dead_voters:_1900-01-01_birthday_event_0,43,dead voters: 1900-01-01 birthday,101300
58,dead_voters:_FL_dead_wife,434,464,dead_voters:_FL_dead_wife_event_0,45,dead voters: FL dead wife,264
59,dead_voters:_FL_registration_attempt,31,222,dead_voters:_FL_registration_attempt_event_0,46,dead voters: FL registration attempt,30446
60,dead_voters:_general_ticket,11212,11302,dead_voters:_general_ticket_event_0,47,dead voters: general ticket,2801573
61,dead_voters:_general_ticket,14546,14671,dead_voters:_general_ticket_event_1,47,dead voters: general ticket,2801573
62,dead_voters:_general_ticket,18624,21371,dead_voters:_general_ticket_event_2,47,dead voters: general ticket,2801573
63,dead_voters:_general_ticket,21375,21656,dead_voters:_general_ticket_event_3,47,dead voters: general ticket,2801573
64,dead_voters:_general_ticket,23633,23672,dead_voters:_general_ticket_event_4,47,dead voters: general ticket,2801573
65,dead_voters:_general_ticket,25017,25100,dead_voters:_general_ticket_event_5,47,dead voters: general ticket,2801573
66,dead_voters:_huckabee_votes_for_dead_relatives,645,1643,dead_voters:_huckabee_votes_for_dead_relatives_event_0,48,dead voters: huckabee votes for dead relatives,105671
67,dead_voters:_list_of_100+,521,551,dead_voters:_list_of_100+_event_0,50,dead voters: list of 100+,4441
68,dead_voters:_NY_post_ballots,480,513,dead_voters:_NY_post_ballots_event_0,51,dead voters: NY post ballots,13121
69,dead_voters:_team_trump,1572,1671,dead_voters:_team_trump_event_0,55,dead voters: team trump,13771
70,dead_voters:_voters_in_their_170s,141,200,dead_voters:_voters_in_their_170s_event_0,57,dead voters: voters in their 170s,27211
71,dead_voters:_voters_in_their_170s,526,624,dead_voters:_voters_in_their_170s_event_1,57,dead voters: voters in their 170s,27211
72,Digital_dumps:_AARP_Aggregate,105,117,Digital_dumps:_AARP_Aggregate_event_0,59,Digital dumps: AARP Aggregate,362
73,Digital_dumps:_Germany_Ambassador,38,85,Digital_dumps:_Germany_Ambassador_event_0,61,Digital dumps: Germany Ambassador,63544
74,Digital_dumps:_Germany_Ambassador,178,205,Digital_dumps:_Germany_Ambassador_event_1,61,Digital dumps: Germany Ambassador,63544
75,Digital_dumps:_Jo_Jorgensen_PA,88,108,Digital_dumps:_Jo_Jorgensen_PA_event_0,63,Digital dumps: Jo Jorgensen PA,628
76,"Digital_dumps:_Michigan_128,000_votes",10164,10215,"Digital_dumps:_Michigan_128,000_votes_event_0",64,"Digital dumps: Michigan 128,000 votes",244421
77,False_Victory:_Eric_Trump_Calls_PA,0,12,False_Victory:_Eric_Trump_Calls_PA_event_0,67,False Victory: Eric Trump Calls PA,1800
78,False_Victory:_GA_called_for_Trump,658,691,False_Victory:_GA_called_for_Trump_event_0,69,False Victory: GA called for Trump,9277
79,False_Victory:_GA_called_for_Trump,787,812,False_Victory:_GA_called_for_Trump_event_1,69,False Victory: GA called for Trump,9277
80,False_Victory:_GA_called_for_Trump,826,845,False_Victory:_GA_called_for_Trump_event_2,69,False Victory: GA called for Trump,9277
81,False_Victory:_NC_Early_Call,231,260,False_Victory:_NC_Early_Call_event_0,72,False Victory: NC Early Call,2531
82,False_Victory:_PA_Attorney_General_Calls_Election,513,694,False_Victory:_PA_Attorney_General_Calls_Election_event_0,74,False Victory: PA Attorney General Calls Election,120685
83,False_Victory:_PA_Attorney_General_Calls_Election,1105,1158,False_Victory:_PA_Attorney_General_Calls_Election_event_1,74,False Victory: PA Attorney General Calls Election,120685
84,False_Victory:_PA_early_calls,421,468,False_Victory:_PA_early_calls_event_0,75,False Victory: PA early calls,1847
85,False_Victory:_PA_early_calls,539,554,False_Victory:_PA_early_calls_event_1,75,False Victory: PA early calls,1847
86,False_Victory:_President_Elect_Status_Revoked,577,773,False_Victory:_President_Elect_Status_Revoked_event_0,76,False Victory: President Elect Status Revoked,63739
87,False_Victory:_RealClearPolitics_Rescinds_Call_of_PA,5,93,False_Victory:_RealClearPolitics_Rescinds_Call_of_PA_event_0,77,False Victory: RealClearPolitics Rescinds Call of PA,40547
88,False_Victory:_WI_SOS_Website_Results,458,488,False_Victory:_WI_SOS_Website_Results_event_0,80,False Victory: WI SOS Website Results,26841
89,False_Victory:_WI_SOS_Website_Results,604,640,False_Victory:_WI_SOS_Website_Results_event_1,80,False Victory: WI SOS Website Results,26841
90,Georgia_scam,611,631,Georgia_scam_event_0,81,Georgia scam,36116
91,Georgia_scam,742,794,Georgia_scam_event_1,81,Georgia scam,36116
92,Ineligible_Voters:_Illegal_Immigrant_Registrations,544,583,Ineligible_Voters:_Illegal_Immigrant_Registrations_event_0,83,Ineligible Voters: Illegal Immigrant Registrations,1949
93,ineligible_voters:_nv_residency_violations,278,375,ineligible_voters:_nv_residency_violations_event_0,84,ineligible voters: nv residency violations,209773
94,Ineligible_Voters:_TX_Illegal_Voters,1720,1763,Ineligible_Voters:_TX_Illegal_Voters_event_0,85,Ineligible Voters: TX Illegal Voters,2877
95,Ineligible_Voters:_TX_Illegal_Voters,1845,1875,Ineligible_Voters:_TX_Illegal_Voters_event_1,85,Ineligible Voters: TX Illegal Voters,2877
96,Ineligible_Voters:_TX_Illegal_Voters,1875,1949,Ineligible_Voters:_TX_Illegal_Voters_event_2,85,Ineligible Voters: TX Illegal Voters,2877
97,Ineligible_Voters:_TX_Illegal_Voters,1949,1984,Ineligible_Voters:_TX_Illegal_Voters_event_3,85,Ineligible Voters: TX Illegal Voters,2877
98,Ineligible_Voters:_TX_Illegal_Voters,1988,2012,Ineligible_Voters:_TX_Illegal_Voters_event_4,85,Ineligible Voters: TX Illegal Voters,2877
99,Ineligible_Voters:_TX_Illegal_Voters,2504,2527,Ineligible_Voters:_TX_Illegal_Voters_event_5,85,Ineligible Voters: TX Illegal Voters,2877
100,Ineligible_Voters:_TX_Illegal_Voters,2745,2759,Ineligible_Voters:_TX_Illegal_Voters_event_6,85,Ineligible Voters: TX Illegal Voters,2877
101,Ineligible_Voters:_Undocumented_WA,934,949,Ineligible_Voters:_Undocumented_WA_event_0,86,Ineligible Voters: Undocumented WA,638
102,Ineligible_Voters:_WA_Ineligible_Sister,617,642,Ineligible_Voters:_WA_Ineligible_Sister_event_0,87,Ineligible Voters: WA Ineligible Sister,5389
103,In_Person_Fraud:_Blind_Relatives,15,33,In_Person_Fraud:_Blind_Relatives_event_0,88,In Person Fraud: Blind Relatives,5389
104,In_Person_Fraud:_Blind_Relatives,36,100,In_Person_Fraud:_Blind_Relatives_event_1,88,In Person Fraud: Blind Relatives,5389
105,In_Person_Fraud:_Mongomery_Maryland,40,174,In_Person_Fraud:_Mongomery_Maryland_event_0,90,In Person Fraud: Mongomery Maryland,21905
106,In_Person_Fraud:_OHare_Airport,0,25,In_Person_Fraud:_OHare_Airport_event_0,91,In Person Fraud: OHare Airport,24762
107,In_Person_Fraud:_OHare_Airport,9274,9500,In_Person_Fraud:_OHare_Airport_event_1,91,In Person Fraud: OHare Airport,24762
108,In_Person_Fraud:_OHare_Airport,9690,9970,In_Person_Fraud:_OHare_Airport_event_2,91,In Person Fraud: OHare Airport,24762
109,In_Person_Fraud:_OHare_Airport,10211,10223,In_Person_Fraud:_OHare_Airport_event_3,91,In Person Fraud: OHare Airport,24762
110,_intimdation:_Trump_Chanting,11,206,_intimdation:_Trump_Chanting_event_0,93, intimdation: Trump Chanting,29759
111,intimidation:_BLM_Antifa_Intimidation_Plans,2206,2390,intimidation:_BLM_Antifa_Intimidation_Plans_event_0,94,intimidation: BLM/Antifa Intimidation Plans,10824
112,intimidation:_BLM_Antifa_Intimidation_Plans,3116,3132,intimidation:_BLM_Antifa_Intimidation_Plans_event_1,94,intimidation: BLM/Antifa Intimidation Plans,10824
113,intimidation:_BLM_Antifa_Intimidation_Plans,3158,3198,intimidation:_BLM_Antifa_Intimidation_Plans_event_2,94,intimidation: BLM/Antifa Intimidation Plans,10824
114,intimidation:_BLM_Antifa_Intimidation_Plans,3400,3415,intimidation:_BLM_Antifa_Intimidation_Plans_event_3,94,intimidation: BLM/Antifa Intimidation Plans,10824
115,intimidation:_CA_BLM_protest,118,156,intimidation:_CA_BLM_protest_event_0,96,intimidation: CA BLM protest,1865
116,intimidation:_Devin_Nunes_Mobile_Home_Fire,1950,2166,intimidation:_Devin_Nunes_Mobile_Home_Fire_event_0,97,intimidation: Devin Nunes Mobile Home Fire,22894
117,intimidation:_FL_Antifa_and_Loomer,275,293,intimidation:_FL_Antifa_and_Loomer_event_0,98,intimidation: FL Antifa and Loomer,213
118,intimidation:_FL_trump_police_officer,19,111,intimidation:_FL_trump_police_officer_event_0,101,intimidation: FL trump police officer,41649
119,intimidation:_MI_poll_watchers,466,688,intimidation:_MI_poll_watchers_event_0,102,intimidation: MI poll watchers,73078
120,intimidation:_NC_BLM,538,621,intimidation:_NC_BLM_event_0,103,intimidation: NC BLM,43966
121,intimidation:_NC_BLM,760,905,intimidation:_NC_BLM_event_1,103,intimidation: NC BLM,43966
122,intimidation:_NY_long_island,438,479,intimidation:_NY_long_island_event_0,104,intimidation: NY long island,2287
123,intimidation:_PA_armed_men_confront_vote_counter,557,597,intimidation:_PA_armed_men_confront_vote_counter_event_0,107,intimidation: PA armed men confront vote counter,68068
124,intimidation:_PA_State_Constable,501,527,intimidation:_PA_State_Constable_event_0,108,intimidation: PA State Constable,489
125,intimidation:_PA_State_Constable,527,555,intimidation:_PA_State_Constable_event_1,108,intimidation: PA State Constable,489
126,intimidation:_Proud_Boys_Email,1794,1828,intimidation:_Proud_Boys_Email_event_0,109,intimidation: Proud Boys Email,59597
127,intimidation:_threat_letter,828,1114,intimidation:_threat_letter_event_0,111,intimidation: threat letter,4368
128,intimidation:_threat_letter,1248,1260,intimidation:_threat_letter_event_1,111,intimidation: threat letter,4368
129,intimidation:_trump_calls_for_monitors,596,665,intimidation:_trump_calls_for_monitors_event_0,112,intimidation: trump calls for monitors,30707
130,intimidation:_Warning_of_Violence_Agians_POC_LGBTQ,352,496,intimidation:_Warning_of_Violence_Agians_POC_LGBTQ_event_0,113,intimidation: Warning of Violence Agians POC/LGBTQ,6846
131,Late:_Extended_Ballots,15551,15587,Late:_Extended_Ballots_event_0,117,Late: Extended Ballots,92887
132,Late:_NC_Stolen,669,702,Late:_NC_Stolen_event_0,118,Late: NC Stolen,4611
133,Late:_NC_Stolen,749,874,Late:_NC_Stolen_event_1,118,Late: NC Stolen,4611
134,Late:_OK_Ballots_Found,920,935,Late:_OK_Ballots_Found_event_0,119,Late: OK Ballots Found,16236
135,Late:_OK_Ballots_Found,1178,1328,Late:_OK_Ballots_Found_event_1,119,Late: OK Ballots Found,16236
136,Late:_OK_Ballots_Found,1362,1382,Late:_OK_Ballots_Found_event_2,119,Late: OK Ballots Found,16236
137,Late:_OK_Ballots_Found,1421,1496,Late:_OK_Ballots_Found_event_3,119,Late: OK Ballots Found,16236
138,Late:_OK_Ballots_Found,1811,1945,Late:_OK_Ballots_Found_event_4,119,Late: OK Ballots Found,16236
139,Late:_OK_Ballots_Found,1995,2029,Late:_OK_Ballots_Found_event_5,119,Late: OK Ballots Found,16236
140,Late:_PA_Late_Ballots,2,19,Late:_PA_Late_Ballots_event_0,120,Late: PA Late Ballots,234
141,lost:_AZ_rock_ballots,241,274,lost:_AZ_rock_ballots_event_0,122,lost: AZ rock ballots,30440
142,lost:_AZ_rock_ballots,475,509,lost:_AZ_rock_ballots_event_1,122,lost: AZ rock ballots,30440
143,lost:_Biden_truck_ballots,4842,4857,lost:_Biden_truck_ballots_event_0,123,lost: Biden truck ballots,497
144,lost:_Biden_truck_ballots,4972,4984,lost:_Biden_truck_ballots_event_1,123,lost: Biden truck ballots,497
145,lost:_CA_dumpster,1524,1730,lost:_CA_dumpster_event_0,124,lost: CA dumpster,68778
146,lost:_CA_dumpster,2567,2594,lost:_CA_dumpster_event_1,124,lost: CA dumpster,68778
147,lost:_desert_ballots,77,118,lost:_desert_ballots_event_0,128,lost: desert ballots,390
148,lost:_desert_ballots,118,130,lost:_desert_ballots_event_1,128,lost: desert ballots,390
149,lost:_GA_found_in_dumpster,157,421,lost:_GA_found_in_dumpster_event_0,130,lost: GA found in dumpster,156992
150,lost:_GA_found_in_dumpster,990,1081,lost:_GA_found_in_dumpster_event_1,130,lost: GA found in dumpster,156992
151,lost:_KY_dumped_ballots,5,31,lost:_KY_dumped_ballots_event_0,132,lost: KY dumped ballots,385
152,lost:_KY_dumped_ballots,40,83,lost:_KY_dumped_ballots_event_1,132,lost: KY dumped ballots,385
153,"lost:_LA,TX_dumpster_ballots",11,28,"lost:_LA,TX_dumpster_ballots_event_0",133,"lost: LA,TX dumpster ballots",426
154,"lost:_LA,TX_dumpster_ballots",38,71,"lost:_LA,TX_dumpster_ballots_event_1",133,"lost: LA,TX dumpster ballots",426
155,lost:_MA_primary_ballots,15906,15952,lost:_MA_primary_ballots_event_0,134,lost: MA primary ballots,22961
156,lost:_multistate_dumped_ballots,1464,1484,lost:_multistate_dumped_ballots_event_0,135,lost: multistate dumped ballots,500
157,lost:_multistate_thrown_ballots,220,237,lost:_multistate_thrown_ballots_event_0,136,lost: multistate thrown ballots,46367
158,lost:_NJ_dumpster,247,387,lost:_NJ_dumpster_event_0,137,lost: NJ dumpster,72540
159,lost:_NJ_dumpster,670,683,lost:_NJ_dumpster_event_1,137,lost: NJ dumpster,72540
160,lost:_NJ_dumpster,877,941,lost:_NJ_dumpster_event_2,137,lost: NJ dumpster,72540
161,lost:_NJ_Mail_Photo,80,167,lost:_NJ_Mail_Photo_event_0,138,lost: NJ Mail Photo,3552
162,lost:_NJ_Mail_Photo,246,304,lost:_NJ_Mail_Photo_event_1,138,lost: NJ Mail Photo,3552
163,lost:_NV_trash_ballots,5,54,lost:_NV_trash_ballots_event_0,139,lost: NV trash ballots,17193
164,lost:_NV_trash_ballots,1226,1254,lost:_NV_trash_ballots_event_1,139,lost: NV trash ballots,17193
165,lost:_OH_2014,2490,2560,lost:_OH_2014_event_0,140,lost: OH 2014,1121
166,lost:_OH_2014,2579,2618,lost:_OH_2014_event_1,140,lost: OH 2014,1121
167,lost:_PA_300-500k,109,166,lost:_PA_300-500k_event_0,143,lost: PA 300-500k,5760
168,lost:_PA_9_discarded,492,857,lost:_PA_9_discarded_event_0,144,lost: PA 9 discarded,261209
169,"lost:_PA,GA_dumpster_ballots",154,397,"lost:_PA,GA_dumpster_ballots_event_0",145,"lost: PA,GA dumpster ballots",44037
170,"lost:_PA,GA_dumpster_ballots",11741,11754,"lost:_PA,GA_dumpster_ballots_event_1",145,"lost: PA,GA dumpster ballots",44037
171,"lost:_PA,GA_dumpster_ballots",11760,12128,"lost:_PA,GA_dumpster_ballots_event_2",145,"lost: PA,GA dumpster ballots",44037
172,"lost:_PA,GA_dumpster_ballots",12439,12589,"lost:_PA,GA_dumpster_ballots_event_3",145,"lost: PA,GA dumpster ballots",44037
173,lost:_PA_shredded_ballot_applications,7447,7591,lost:_PA_shredded_ballot_applications_event_0,146,lost: PA shredded ballot applications,105105
174,lost:_PA_shredded_ballot_applications,14150,14200,lost:_PA_shredded_ballot_applications_event_1,146,lost: PA shredded ballot applications,105105
175,lost:_PA_shredded_ballot_applications,15194,15249,lost:_PA_shredded_ballot_applications_event_2,146,lost: PA shredded ballot applications,105105
176,lost:_PA_shredded_ballot_applications,15332,15346,lost:_PA_shredded_ballot_applications_event_3,146,lost: PA shredded ballot applications,105105
177,lost:_PA_shredded_ballot_applications,15364,15396,lost:_PA_shredded_ballot_applications_event_4,146,lost: PA shredded ballot applications,105105
178,lost:_PA_shredded_ballot_applications,15772,15813,lost:_PA_shredded_ballot_applications_event_5,146,lost: PA shredded ballot applications,105105
179,lost:_VA_60k_undelivered_ballots,174,189,lost:_VA_60k_undelivered_ballots_event_0,147,lost: VA 60k undelivered ballots,1920
180,lost:_VA_60k_undelivered_ballots,243,256,lost:_VA_60k_undelivered_ballots_event_1,147,lost: VA 60k undelivered ballots,1920
181,lost:_VA_60k_undelivered_ballots,284,298,lost:_VA_60k_undelivered_ballots_event_2,147,lost: VA 60k undelivered ballots,1920
182,lost:_VA_60k_undelivered_ballots,577,591,lost:_VA_60k_undelivered_ballots_event_3,147,lost: VA 60k undelivered ballots,1920
183,lost:_VA_60k_undelivered_ballots,594,618,lost:_VA_60k_undelivered_ballots_event_4,147,lost: VA 60k undelivered ballots,1920
184,lost:_VA_burned_ballots,799,834,lost:_VA_burned_ballots_event_0,148,lost: VA burned ballots,105667
185,Machines:_Changed_Vote_TX,17,250,Machines:_Changed_Vote_TX_event_0,153,Machines: Changed Vote TX,28334
186,Machines:_Franklin_Spalding_County_Hack,13,121,Machines:_Franklin_Spalding_County_Hack_event_0,155,Machines: Franklin/Spalding County Hack,2220
187,Machines:_Ivanka_patent,527,571,Machines:_Ivanka_patent_event_0,157,Machines: Ivanka patent,6678
188,Machines:_Ivanka_patent,3339,3457,Machines:_Ivanka_patent_event_1,157,Machines: Ivanka patent,6678
189,Machines:_MI_Power_Outages,179,220,Machines:_MI_Power_Outages_event_0,159,Machines: MI Power Outages,13792
190,Machines:_No_Ink_Green_Bay,692,717,Machines:_No_Ink_Green_Bay_event_0,160,Machines: No Ink Green Bay,17772
191,Machines:_NYC_Broken,3,98,Machines:_NYC_Broken_event_0,161,Machines: NYC Broken,21163
192,Machines:_Westmoreland_machines_down,91,117,Machines:_Westmoreland_machines_down_event_0,166,Machines: Westmoreland machines down,58096
193,:_maidengate,4653,4841,:_maidengate_event_0,167,: maidengate,184315
194,MI_and_PA_dead_voting_list,365,566,MI_and_PA_dead_voting_list_event_0,168,MI and PA dead voting list,130864
195,MI_and_PA_dead_voting_list,589,829,MI_and_PA_dead_voting_list_event_1,168,MI and PA dead voting list,130864
196,MI_and_PA_dead_voting_list,1175,1223,MI_and_PA_dead_voting_list_event_2,168,MI and PA dead voting list,130864
197,Other:_Allegheny_County_Family_Votes_for_each_other,0,17,Other:_Allegheny_County_Family_Votes_for_each_other_event_0,169,Other: Allegheny County Family Votes for each other,9183
198,Other:_AZ_Fraud_Claims,340,972,Other:_AZ_Fraud_Claims_event_0,170,Other: AZ Fraud Claims,477561
199,Other:_Ballot_Fraud_Poll_Watcher_Votes,46,73,Other:_Ballot_Fraud_Poll_Watcher_Votes_event_0,172,Other: Ballot Fraud Poll Watcher Votes,3771
200,Other:_Ballot_Fraud_Poll_Watcher_Votes,529,586,Other:_Ballot_Fraud_Poll_Watcher_Votes_event_1,172,Other: Ballot Fraud Poll Watcher Votes,3771
201,Other:_Candidate_Fraud_Biden_Fraud_Quote,0,396,Other:_Candidate_Fraud_Biden_Fraud_Quote_event_0,174,Other: Candidate Fraud Biden Fraud Quote,207592
202,Other:_Candidate_Fraud_Hannity_Misquote,301,398,Other:_Candidate_Fraud_Hannity_Misquote_event_0,175,Other: Candidate Fraud Hannity Misquote,36912
203,Other:_DeKalb_Rejected_Ballots,42,70,Other:_DeKalb_Rejected_Ballots_event_0,177,Other: DeKalb Rejected Ballots,286139
204,Other:_DeKalb_Rejected_Ballots,99,285,Other:_DeKalb_Rejected_Ballots_event_1,177,Other: DeKalb Rejected Ballots,286139
205,Other:_drive_through_voting_illegal_driver's_licenses,585,714,Other:_drive_through_voting_illegal_driver's_licenses_event_0,179,Other: drive through voting illegal driver's licenses,32536
206,Other:_Fulton_County_Water_Pipe,0,41,Other:_Fulton_County_Water_Pipe_event_0,181,Other: Fulton County Water Pipe,3397
207,Other:_Fulton_County_Water_Pipe,732,749,Other:_Fulton_County_Water_Pipe_event_1,181,Other: Fulton County Water Pipe,3397
208,Other:_Manufactured_Stolen_Early_Votes,11,47,Other:_Manufactured_Stolen_Early_Votes_event_0,182,Other: Manufactured/Stolen Early Votes,4258
209,Other:_Manufactured_Stolen_Early_Votes,102,154,Other:_Manufactured_Stolen_Early_Votes_event_1,182,Other: Manufactured/Stolen Early Votes,4258
210,Other:_Manufactured_Stolen_Early_Votes,154,189,Other:_Manufactured_Stolen_Early_Votes_event_2,182,Other: Manufactured/Stolen Early Votes,4258
211,Other:_Manufactured_Stolen_Early_Votes,236,254,Other:_Manufactured_Stolen_Early_Votes_event_3,182,Other: Manufactured/Stolen Early Votes,4258
212,Other:_Manufactured_Stolen_Early_Votes,320,344,Other:_Manufactured_Stolen_Early_Votes_event_4,182,Other: Manufactured/Stolen Early Votes,4258
213,Other:_Manufactured_Stolen_Early_Votes,588,607,Other:_Manufactured_Stolen_Early_Votes_event_5,182,Other: Manufactured/Stolen Early Votes,4258
214,Other:_PragerU_Video,17084,17099,Other:_PragerU_Video_event_0,187,Other: PragerU Video,2251
215,Other:_provisional_ballots,1776,1789,Other:_provisional_ballots_event_0,188,Other: provisional ballots,353
216,Other:_QAnon_Claims,513,526,Other:_QAnon_Claims_event_0,190,Other: QAnon Claims,2528
217,Other:_QAnon_Claims,526,549,Other:_QAnon_Claims_event_1,190,Other: QAnon Claims,2528
218,Other:_QAnon_Claims,615,629,Other:_QAnon_Claims_event_2,190,Other: QAnon Claims,2528
219,Other:_QAnon_Claims,1635,1664,Other:_QAnon_Claims_event_3,190,Other: QAnon Claims,2528
220,Other:_QAnon_Claims,1767,1789,Other:_QAnon_Claims_event_4,190,Other: QAnon Claims,2528
221,Other:_QAnon_Claims,1798,1818,Other:_QAnon_Claims_event_5,190,Other: QAnon Claims,2528
222,Other:_QAnon_Coup_D'Etat,5353,5390,Other:_QAnon_Coup_D'Etat_event_0,191,Other: QAnon Coup D'Etat,951
223,Other:_QAnon_Coup_D'Etat,5440,5475,Other:_QAnon_Coup_D'Etat_event_1,191,Other: QAnon Coup D'Etat,951
224,Other:_QAnon_Coup_D'Etat,5649,5668,Other:_QAnon_Coup_D'Etat_event_2,191,Other: QAnon Coup D'Etat,951
225,Other:_Stop_The_Steal_Pushed,159,293,Other:_Stop_The_Steal_Pushed_event_0,192,Other: Stop The Steal Pushed,1633907
226,Other:_Stop_The_Steal_Pushed,358,2964,Other:_Stop_The_Steal_Pushed_event_1,192,Other: Stop The Steal Pushed,1633907
227,Other:_Stop_The_Steal_Pushed,5067,5286,Other:_Stop_The_Steal_Pushed_event_2,192,Other: Stop The Steal Pushed,1633907
228,Other:_Stop_The_Steal_Pushed,6198,6428,Other:_Stop_The_Steal_Pushed_event_3,192,Other: Stop The Steal Pushed,1633907
229,Other:_Stop_The_Steal_Pushed,6622,6675,Other:_Stop_The_Steal_Pushed_event_4,192,Other: Stop The Steal Pushed,1633907
230,Other:_Stop_The_Steal_Pushed,7061,7268,Other:_Stop_The_Steal_Pushed_event_5,192,Other: Stop The Steal Pushed,1633907
231,Other:_Stop_The_Steal_Pushed,8488,8712,Other:_Stop_The_Steal_Pushed_event_6,192,Other: Stop The Steal Pushed,1633907
232,Other:_Stop_The_Steal_Pushed,8839,9315,Other:_Stop_The_Steal_Pushed_event_7,192,Other: Stop The Steal Pushed,1633907
233,Other:_Stop_The_Steal_Pushed,9353,9618,Other:_Stop_The_Steal_Pushed_event_8,192,Other: Stop The Steal Pushed,1633907
234,Other:_Trump_Campaign_Quote,2,101,Other:_Trump_Campaign_Quote_event_0,194,Other: Trump Campaign Quote,100543
235,Other:_trump_tweet_censored,646,665,Other:_trump_tweet_censored_event_0,195,Other: trump tweet censored,378429
236,Other:_TX_Disabled_Residents,283,389,Other:_TX_Disabled_Residents_event_0,196,Other: TX Disabled Residents,75739
237,Other:_TX_Disabled_Residents,1391,1412,Other:_TX_Disabled_Residents_event_1,196,Other: TX Disabled Residents,75739
238,Other:_TX_Disabled_Residents,2031,2076,Other:_TX_Disabled_Residents_event_2,196,Other: TX Disabled Residents,75739
239,Other:_urban_playbook,17,111,Other:_urban_playbook_event_0,197,Other: urban playbook,27182
240,Other:_Venezuela_Methods,249,326,Other:_Venezuela_Methods_event_0,198,Other: Venezuela Methods,123576
241,Other:_Voter_Fraud_Cases,6331,6383,Other:_Voter_Fraud_Cases_event_0,199,Other: Voter Fraud Cases,5542
242,Other:_Voter_Fraud_Cases,6764,6777,Other:_Voter_Fraud_Cases_event_1,199,Other: Voter Fraud Cases,5542
243,Other:_WA_Miscellaneous_Fraud,145,157,Other:_WA_Miscellaneous_Fraud_event_0,203,Other: WA Miscellaneous Fraud,3149
244,Other:_WA_Miscellaneous_Fraud,262,278,Other:_WA_Miscellaneous_Fraud_event_1,203,Other: WA Miscellaneous Fraud,3149
245,Other:_WA_Miscellaneous_Fraud,517,558,Other:_WA_Miscellaneous_Fraud_event_2,203,Other: WA Miscellaneous Fraud,3149
246,Other:_WA_Miscellaneous_Fraud,586,599,Other:_WA_Miscellaneous_Fraud_event_3,203,Other: WA Miscellaneous Fraud,3149
247,Other:_WA_Miscellaneous_Fraud,602,619,Other:_WA_Miscellaneous_Fraud_event_4,203,Other: WA Miscellaneous Fraud,3149
248,Other:_WA_Miscellaneous_Fraud,620,633,Other:_WA_Miscellaneous_Fraud_event_5,203,Other: WA Miscellaneous Fraud,3149
249,Other:_WA_Rejected_Ballots,1530,1545,Other:_WA_Rejected_Ballots_event_0,204,Other: WA Rejected Ballots,441
250,partisan_vcr:__AZ_hand_recount_required,794,833,partisan_vcr:__AZ_hand_recount_required_event_0,206,partisan vcr:  AZ hand recount required,3148
251,partisan_vcr:__AZ_hand_recount_required,1669,1682,partisan_vcr:__AZ_hand_recount_required_event_1,206,partisan vcr:  AZ hand recount required,3148
252,partisan_vcr:__Detroit_provisional_ballots,3420,3496,partisan_vcr:__Detroit_provisional_ballots_event_0,209,partisan vcr:  Detroit provisional ballots,21081
253,partisan_vcr:__Erie_ballots_thrown_away,0,16,partisan_vcr:__Erie_ballots_thrown_away_event_0,210,partisan vcr:  Erie ballots thrown away,49127
254,partisan_vcr:__Georgia_confidence,491,649,partisan_vcr:__Georgia_confidence_event_0,211,partisan vcr:  Georgia confidence,101649
255,partisan_vcr:__Joke_ballot_ripping,2,58,partisan_vcr:__Joke_ballot_ripping_event_0,212,partisan vcr:  Joke ballot ripping,6200
256,partisan_vcr:__Kristie_Alley_Facebook_Retweet,458,475,partisan_vcr:__Kristie_Alley_Facebook_Retweet_event_0,213,partisan vcr:  Kristie Alley Facebook Retweet,1525
257,partisan_vcr:__live_tv_fraud,242,516,partisan_vcr:__live_tv_fraud_event_0,214,partisan vcr:  live tv fraud,28126
258,partisan_vcr:__live_tv_fraud,763,784,partisan_vcr:__live_tv_fraud_event_1,214,partisan vcr:  live tv fraud,28126
259,partisan_vcr:__live_tv_fraud,1388,1407,partisan_vcr:__live_tv_fraud_event_2,214,partisan vcr:  live tv fraud,28126
260,partisan_vcr:__Michigan_delays,382,408,partisan_vcr:__Michigan_delays_event_0,215,partisan vcr:  Michigan delays,996
261,partisan_vcr:__Michigan_delays,414,429,partisan_vcr:__Michigan_delays_event_1,215,partisan vcr:  Michigan delays,996
262,partisan_vcr:__Michigan_Republican_applications,14653,14681,partisan_vcr:__Michigan_Republican_applications_event_0,216,partisan vcr:  Michigan Republican applications,5224
263,partisan_vcr:__Michigan_Republican_applications,15025,15039,partisan_vcr:__Michigan_Republican_applications_event_1,216,partisan vcr:  Michigan Republican applications,5224
264,partisan_vcr:__Michigan_Republican_applications,15211,15232,partisan_vcr:__Michigan_Republican_applications_event_2,216,partisan vcr:  Michigan Republican applications,5224
265,partisan_vcr:__Michigan_Republican_applications,15428,15474,partisan_vcr:__Michigan_Republican_applications_event_3,216,partisan vcr:  Michigan Republican applications,5224
266,partisan_vcr:__Michigan_Republican_applications,15480,15540,partisan_vcr:__Michigan_Republican_applications_event_4,216,partisan vcr:  Michigan Republican applications,5224
267,partisan_vcr:__Michigan_Republican_applications,15857,15913,partisan_vcr:__Michigan_Republican_applications_event_5,216,partisan vcr:  Michigan Republican applications,5224
268,partisan_vcr:__Michigan_Republican_applications,16027,16055,partisan_vcr:__Michigan_Republican_applications_event_6,216,partisan vcr:  Michigan Republican applications,5224
269,partisan_vcr:__Nevada_whistleblower,92,338,partisan_vcr:__Nevada_whistleblower_event_0,217,partisan vcr:  Nevada whistleblower,714685
270,partisan_vcr:__Nevada_whistleblower,453,677,partisan_vcr:__Nevada_whistleblower_event_1,217,partisan vcr:  Nevada whistleblower,714685
271,partisan_vcr:__Pennsylvania_delays,767,842,partisan_vcr:__Pennsylvania_delays_event_0,218,partisan vcr:  Pennsylvania delays,45185
272,partisan_vcr:__Pennsylvania_inner_envelopes,1,41,partisan_vcr:__Pennsylvania_inner_envelopes_event_0,219,partisan vcr:  Pennsylvania inner envelopes,583
273,partisan_vcr:__Pennsylvania_inner_envelopes,64,79,partisan_vcr:__Pennsylvania_inner_envelopes_event_1,219,partisan vcr:  Pennsylvania inner envelopes,583
274,partisan_vcr:__Pennsylvania_poll_worker_empty_ballots,5185,5419,partisan_vcr:__Pennsylvania_poll_worker_empty_ballots_event_0,220,partisan vcr:  Pennsylvania poll worker empty ballots,94004
275,partisan_vcr:__Pennsylvania_poll_worker_empty_ballots,5459,5523,partisan_vcr:__Pennsylvania_poll_worker_empty_ballots_event_1,220,partisan vcr:  Pennsylvania poll worker empty ballots,94004
276,partisan_vcr:__Pennsylvania_poll_worker_empty_ballots,5617,5709,partisan_vcr:__Pennsylvania_poll_worker_empty_ballots_event_2,220,partisan vcr:  Pennsylvania poll worker empty ballots,94004
277,partisan_vcr:__Philadelphia_missing_supervisor,46,162,partisan_vcr:__Philadelphia_missing_supervisor_event_0,222,partisan vcr:  Philadelphia missing supervisor,118434
278,partisan_vcr:__Philadelphia_separate_lines,173,214,partisan_vcr:__Philadelphia_separate_lines_event_0,223,partisan vcr:  Philadelphia separate lines,12395
279,partisan_vcr:_sharpiegate,382,863,partisan_vcr:_sharpiegate_event_0,224,partisan vcr: sharpiegate,1066762
280,partisan_vcr:_sharpiegate,2771,2928,partisan_vcr:_sharpiegate_event_1,224,partisan vcr: sharpiegate,1066762
281,Physical_Mail_Fraud:_AARP_Bachmann,45,204,Physical_Mail_Fraud:_AARP_Bachmann_event_0,226,Physical Mail Fraud: AARP Bachmann,23931
282,Physical_Mail_Fraud:_AARP_Bachmann,204,395,Physical_Mail_Fraud:_AARP_Bachmann_event_1,226,Physical Mail Fraud: AARP Bachmann,23931
283,Physical_Mail_Fraud:_ACLU_Signatures,4259,4348,Physical_Mail_Fraud:_ACLU_Signatures_event_0,227,Physical Mail Fraud: ACLU Signatures,10201
284,Physical_Mail_Fraud:_ACLU_Signatures,5656,5684,Physical_Mail_Fraud:_ACLU_Signatures_event_1,227,Physical Mail Fraud: ACLU Signatures,10201
285,Physical_Mail_Fraud:_ACLU_Signatures,5748,5777,Physical_Mail_Fraud:_ACLU_Signatures_event_2,227,Physical Mail Fraud: ACLU Signatures,10201
286,Physical_Mail_Fraud:_CCP_Fake_Ballots,953,965,Physical_Mail_Fraud:_CCP_Fake_Ballots_event_0,229,Physical Mail Fraud: CCP Fake Ballots,1175
287,Physical_Mail_Fraud:_CCP_Fake_Ballots,1019,1037,Physical_Mail_Fraud:_CCP_Fake_Ballots_event_1,229,Physical Mail Fraud: CCP Fake Ballots,1175
288,Physical_Mail_Fraud:_CCP_Fake_Ballots,1088,1104,Physical_Mail_Fraud:_CCP_Fake_Ballots_event_2,229,Physical Mail Fraud: CCP Fake Ballots,1175
289,Physical_Mail_Fraud:_Colorado_Ballot_Holes,550,722,Physical_Mail_Fraud:_Colorado_Ballot_Holes_event_0,232,Physical Mail Fraud: Colorado Ballot Holes,45608
290,Physical_Mail_Fraud:_FEC_Chair,512,561,Physical_Mail_Fraud:_FEC_Chair_event_0,236,Physical Mail Fraud: FEC Chair,268501
291,Physical_Mail_Fraud:_FEC_Chair,1956,2023,Physical_Mail_Fraud:_FEC_Chair_event_1,236,Physical Mail Fraud: FEC Chair,268501
292,Physical_Mail_Fraud:_FEC_Chair,2226,2408,Physical_Mail_Fraud:_FEC_Chair_event_2,236,Physical Mail Fraud: FEC Chair,268501
293,Physical_Mail_Fraud:_GA_Democrats_Fixing_Ballots,230,244,Physical_Mail_Fraud:_GA_Democrats_Fixing_Ballots_event_0,237,Physical Mail Fraud: GA Democrats Fixing Ballots,2846
294,Physical_Mail_Fraud:_GA_Democrats_Fixing_Ballots,387,421,Physical_Mail_Fraud:_GA_Democrats_Fixing_Ballots_event_1,237,Physical Mail Fraud: GA Democrats Fixing Ballots,2846
295,Physical_Mail_Fraud:_GA_Democrats_Fixing_Ballots,421,441,Physical_Mail_Fraud:_GA_Democrats_Fixing_Ballots_event_2,237,Physical Mail Fraud: GA Democrats Fixing Ballots,2846
296,Physical_Mail_Fraud:_Hidden_Absentee_Ballot,3210,3433,Physical_Mail_Fraud:_Hidden_Absentee_Ballot_event_0,238,Physical Mail Fraud: Hidden Absentee Ballot,11030
297,Physical_Mail_Fraud:_MI_Drops_Fake_Ballots,737,761,Physical_Mail_Fraud:_MI_Drops_Fake_Ballots_event_0,243,Physical Mail Fraud: MI Drops Fake Ballots,2282
298,Physical_Mail_Fraud:_Newsom_VBM,1399,1415,Physical_Mail_Fraud:_Newsom_VBM_event_0,246,Physical Mail Fraud: Newsom VBM,362
299,Physical_Mail_Fraud:_NY_Post_Confession,162,289,Physical_Mail_Fraud:_NY_Post_Confession_event_0,247,Physical Mail Fraud: NY Post Confession,56700
300,Physical_Mail_Fraud:_NY_Post_Confession,617,659,Physical_Mail_Fraud:_NY_Post_Confession_event_1,247,Physical Mail Fraud: NY Post Confession,56700
301,Physical_Mail_Fraud:_NY_Post_Confession,19965,20000,Physical_Mail_Fraud:_NY_Post_Confession_event_2,247,Physical Mail Fraud: NY Post Confession,56700
302,Physical_Mail_Fraud:_NY_Pre-Filled_Biden,245,354,Physical_Mail_Fraud:_NY_Pre-Filled_Biden_event_0,248,Physical Mail Fraud: NY Pre-Filled Biden,52288
303,Physical_Mail_Fraud:_Obama_Printers,125,260,Physical_Mail_Fraud:_Obama_Printers_event_0,249,Physical Mail Fraud: Obama Printers,3775
304,Physical_Mail_Fraud:_Obama_Printers,325,357,Physical_Mail_Fraud:_Obama_Printers_event_1,249,Physical Mail Fraud: Obama Printers,3775
305,Physical_Mail_Fraud:_PA_Court_Signature_Ruling,651,764,Physical_Mail_Fraud:_PA_Court_Signature_Ruling_event_0,250,Physical Mail Fraud: PA Court Signature Ruling,16595
306,Physical_Mail_Fraud:_PA_Court_Time_Ruling,312,361,Physical_Mail_Fraud:_PA_Court_Time_Ruling_event_0,251,Physical Mail Fraud: PA Court Time Ruling,619
307,Physical_Mail_Fraud:_PA_Court_Time_Ruling,548,564,Physical_Mail_Fraud:_PA_Court_Time_Ruling_event_1,251,Physical Mail Fraud: PA Court Time Ruling,619
308,Physical_Mail_Fraud:_PA_Misprinted_Corrections,569,617,Physical_Mail_Fraud:_PA_Misprinted_Corrections_event_0,252,Physical Mail Fraud: PA Misprinted Corrections,104419
309,Physical_Mail_Fraud:_PA_Misprinted_Corrections,669,708,Physical_Mail_Fraud:_PA_Misprinted_Corrections_event_1,252,Physical Mail Fraud: PA Misprinted Corrections,104419
310,Physical_Mail_Fraud:_PA_Misprinted_Corrections,806,950,Physical_Mail_Fraud:_PA_Misprinted_Corrections_event_2,252,Physical Mail Fraud: PA Misprinted Corrections,104419
311,Physical_Mail_Fraud:_PA_Printed_Ballots,0,20,Physical_Mail_Fraud:_PA_Printed_Ballots_event_0,253,Physical Mail Fraud: PA Printed Ballots,7419
312,Physical_Mail_Fraud:_Philly_Destroying_Envelopes,271,356,Physical_Mail_Fraud:_Philly_Destroying_Envelopes_event_0,255,Physical Mail Fraud: Philly Destroying Envelopes,95426
313,Physical_Mail_Fraud:_Postal_Worker_Affiliation,5363,5386,Physical_Mail_Fraud:_Postal_Worker_Affiliation_event_0,256,Physical Mail Fraud: Postal Worker Affiliation,824
314,Physical_Mail_Fraud:_Postal_Worker_Affiliation,5392,5413,Physical_Mail_Fraud:_Postal_Worker_Affiliation_event_1,256,Physical Mail Fraud: Postal Worker Affiliation,824
315,Physical_Mail_Fraud:_Press_Secretary,114,153,Physical_Mail_Fraud:_Press_Secretary_event_0,257,Physical Mail Fraud: Press Secretary,1862
316,Physical_Mail_Fraud:_Trump_Mar-a-Lago_VBM,458,620,Physical_Mail_Fraud:_Trump_Mar-a-Lago_VBM_event_0,261,Physical Mail Fraud: Trump Mar-a-Lago VBM,7994
317,Physical_Mail_Fraud:_USPS_PA_Whistleblower,1327,1361,Physical_Mail_Fraud:_USPS_PA_Whistleblower_event_0,262,Physical Mail Fraud: USPS PA Whistleblower,125028
318,Physical_Mail_Fraud:_USPS_PA_Whistleblower,1558,1751,Physical_Mail_Fraud:_USPS_PA_Whistleblower_event_1,262,Physical Mail Fraud: USPS PA Whistleblower,125028
319,Physical_Mail_Fraud:_WA_fraud_claims,974,990,Physical_Mail_Fraud:_WA_fraud_claims_event_0,264,Physical Mail Fraud: WA fraud claims,927
320,Physical_Mail_Fraud:_WA_Stolen_Ballot_Bag,467,571,Physical_Mail_Fraud:_WA_Stolen_Ballot_Bag_event_0,265,Physical Mail Fraud: WA Stolen Ballot Bag,11663
321,Physical_Mail_Fraud:_WA_Stolen_Ballot_Bag,634,668,Physical_Mail_Fraud:_WA_Stolen_Ballot_Bag_event_1,265,Physical Mail Fraud: WA Stolen Ballot Bag,11663
322,Physical_Mail_Mistakes:_4_Ballots_New_Address,516,743,Physical_Mail_Mistakes:_4_Ballots_New_Address_event_0,266,Physical Mail Mistakes: 4 Ballots New Address,66826
323,Physical_Mail_Mistakes:_Deceased_and_Inactive_CA,1567,1658,Physical_Mail_Mistakes:_Deceased_and_Inactive_CA_event_0,270,Physical Mail Mistakes: Deceased and Inactive CA,54582
324,Physical_Mail_Mistakes:_Knox_County,20,35,Physical_Mail_Mistakes:_Knox_County_event_0,272,Physical Mail Mistakes: Knox County,590
325,Physical_Mail_Mistakes:_MI_Misprints_for_Troops,512,584,Physical_Mail_Mistakes:_MI_Misprints_for_Troops_event_0,273,Physical Mail Mistakes: MI Misprints for Troops,66961
326,Physical_Mail_Mistakes:_Misprints_GA,68,80,Physical_Mail_Mistakes:_Misprints_GA_event_0,274,Physical Mail Mistakes: Misprints GA,836
327,Physical_Mail_Mistakes:_Misprints_GA,97,112,Physical_Mail_Mistakes:_Misprints_GA_event_1,274,Physical Mail Mistakes: Misprints GA,836
328,Physical_Mail_Mistakes:_NJ_Ballot_to_AL,13,30,Physical_Mail_Mistakes:_NJ_Ballot_to_AL_event_0,275,Physical Mail Mistakes: NJ Ballot to AL,459
329,Physical_Mail_Mistakes:_NJ_Undeliverable_Ballots,413,444,Physical_Mail_Mistakes:_NJ_Undeliverable_Ballots_event_0,276,Physical Mail Mistakes: NJ Undeliverable Ballots,439
330,Physical_Mail_Mistakes:_NYPost_Ballot_Typo,944,1306,Physical_Mail_Mistakes:_NYPost_Ballot_Typo_event_0,277,Physical Mail Mistakes: NYPost Ballot Typo,43889
331,poll_watchers:_Infographic_Picture,6578,6590,poll_watchers:_Infographic_Picture_event_0,279,poll watchers: Infographic Picture,518
332,poll_watchers:_Philly_Denied_entry,9,172,poll_watchers:_Philly_Denied_entry_event_0,282,poll watchers: Philly Denied entry,179391
333,poll_watchers:_Philly_denied_entry_2,17,122,poll_watchers:_Philly_denied_entry_2_event_0,283,poll watchers: Philly denied entry 2,296469
334,poll_watchers:_Philly_denied_entry_2,378,418,poll_watchers:_Philly_denied_entry_2_event_1,283,poll watchers: Philly denied entry 2,296469
335,poll_watchers:_Philly_no_entry_list,0,71,poll_watchers:_Philly_no_entry_list_event_0,284,poll watchers: Philly no entry list,209298
336,poll_watchers:_Philly_no_entry_list,221,283,poll_watchers:_Philly_no_entry_list_event_1,284,poll watchers: Philly no entry list,209298
337,poll_watchers:_Philly_no_entry_list,384,451,poll_watchers:_Philly_no_entry_list_event_2,284,poll watchers: Philly no entry list,209298
338,poll_watchers:_Trump_suit,590,605,poll_watchers:_Trump_suit_event_0,287,poll watchers: Trump suit,1152
339,Prominent_Person:_Chanel_Rion_Memo,10827,10918,Prominent_Person:_Chanel_Rion_Memo_event_0,289,Prominent Person: Chanel Rion Memo,40026
340,Prominent_Person:_Clay_Higgins,691,705,Prominent_Person:_Clay_Higgins_event_0,290,Prominent Person: Clay Higgins,198
341,Prominent_Person:_Crowder_MI_Claims,488,525,Prominent_Person:_Crowder_MI_Claims_event_0,291,Prominent Person: Crowder MI Claims,5335
342,Prominent_Person:_Cuddy_Camaro,850,862,Prominent_Person:_Cuddy_Camaro_event_0,292,Prominent Person: Cuddy Camaro,2089
343,Prominent_Person:_Cuddy_Camaro,870,911,Prominent_Person:_Cuddy_Camaro_event_1,292,Prominent Person: Cuddy Camaro,2089
344,Prominent_Person:_Cuddy_Camaro,923,938,Prominent_Person:_Cuddy_Camaro_event_2,292,Prominent Person: Cuddy Camaro,2089
345,Prominent_Person:_Darin_Southam,4678,4750,Prominent_Person:_Darin_Southam_event_0,293,Prominent Person: Darin Southam,68883
346,Prominent_Person:_Ghost_Ballots,411,444,Prominent_Person:_Ghost_Ballots_event_0,294,Prominent Person: Ghost Ballots,23231
347,Prominent_Person:_Jody_Hice,0,16,Prominent_Person:_Jody_Hice_event_0,295,Prominent Person: Jody Hice,3550
348,Prominent_Person:_Marjorie_Green_STS,340,358,Prominent_Person:_Marjorie_Green_STS_event_0,297,Prominent Person: Marjorie Green STS,1050
349,Prominent_Person:_Marjorie_Green_STS,387,399,Prominent_Person:_Marjorie_Green_STS_event_1,297,Prominent Person: Marjorie Green STS,1050
350,Prominent_Person:_O'Keefe_NYC_Fraud,24214,24237,Prominent_Person:_O'Keefe_NYC_Fraud_event_0,298,Prominent Person: O'Keefe NYC Fraud,81421
351,Prominent_Person:_Press_Secretary_Fraud,560,599,Prominent_Person:_Press_Secretary_Fraud_event_0,299,Prominent Person: Press Secretary Fraud,24637
352,"Prominent_Person:_RNC_11,000_Claims",889,1097,"Prominent_Person:_RNC_11,000_Claims_event_0",300,"Prominent Person: RNC 11,000 Claims",63473
353,Prominent_Person:_Tom_Fitton_Livestream_VBM,6212,6225,Prominent_Person:_Tom_Fitton_Livestream_VBM_event_0,302,Prominent Person: Tom Fitton Livestream VBM,1725
354,Prominent_Person:_Tom_Fitton_Livestream_VBM,15690,15707,Prominent_Person:_Tom_Fitton_Livestream_VBM_event_1,302,Prominent Person: Tom Fitton Livestream VBM,1725
355,Prominent_Person:_Tom_Fitton_Livestream_VBM,17066,17082,Prominent_Person:_Tom_Fitton_Livestream_VBM_event_2,302,Prominent Person: Tom Fitton Livestream VBM,1725
356,protest:_Black_Lives_Matter_plaza_unrest,577,594,protest:_Black_Lives_Matter_plaza_unrest_event_0,303,protest: Black Lives Matter plaza unrest,1146
357,protest:_Black_Lives_Matter_plaza_unrest,604,621,protest:_Black_Lives_Matter_plaza_unrest_event_1,303,protest: Black Lives Matter plaza unrest,1146
358,protests:_million_MAGA_march,16935,17123,protests:_million_MAGA_march_event_0,305,protests: million MAGA march,100478
359,protests:_portland_unrest,1014,1036,protests:_portland_unrest_event_0,306,protests: portland unrest,4272
360,protests:_portland_unrest,1141,1158,protests:_portland_unrest_event_1,306,protests: portland unrest,4272
361,protests:_stop_the_steal_rallies,5420,5478,protests:_stop_the_steal_rallies_event_0,309,protests: stop the steal rallies,466591
362,riot:_antifa_burning_things_down,12475,12539,riot:_antifa_burning_things_down_event_0,310,riot: antifa burning things down,92051
363,riot:_antifa_burning_things_down,12940,12960,riot:_antifa_burning_things_down_event_1,310,riot: antifa burning things down,92051
364,riot:_antifa_burning_things_down,15441,15711,riot:_antifa_burning_things_down_event_2,310,riot: antifa burning things down,92051
365,riot:_antifa_burning_things_down,16955,16998,riot:_antifa_burning_things_down_event_3,310,riot: antifa burning things down,92051
366,riot:_antifa_burning_things_down,17296,17326,riot:_antifa_burning_things_down_event_4,310,riot: antifa burning things down,92051
367,riot:_antifa_burning_things_down,26760,26791,riot:_antifa_burning_things_down_event_5,310,riot: antifa burning things down,92051
368,riot:_antifa_burning_things_down,27971,28025,riot:_antifa_burning_things_down_event_6,310,riot: antifa burning things down,92051
369,riot:_antifa_burning_things_down,28192,28278,riot:_antifa_burning_things_down_event_7,310,riot: antifa burning things down,92051
370,riot:_antifa_burning_things_down,28904,28929,riot:_antifa_burning_things_down_event_8,310,riot: antifa burning things down,92051
371,riot:_crimethinc,4030,4044,riot:_crimethinc_event_0,313,riot: crimethinc,9458
372,riot:_crimethinc,33000,33014,riot:_crimethinc_event_1,313,riot: crimethinc,9458
373,riot:_crimethinc,33641,33666,riot:_crimethinc_event_2,313,riot: crimethinc,9458
374,riot:_crimethinc,34754,34766,riot:_crimethinc_event_3,313,riot: crimethinc,9458
375,riot:_crimethinc,35156,35181,riot:_crimethinc_event_4,313,riot: crimethinc,9458
376,riot:_crimethinc,35181,35201,riot:_crimethinc_event_5,313,riot: crimethinc,9458
377,riot:_crimethinc,35334,35351,riot:_crimethinc_event_6,313,riot: crimethinc,9458
378,riot:_crimethinc,35890,35906,riot:_crimethinc_event_7,313,riot: crimethinc,9458
379,riot:_crimethinc,38771,38792,riot:_crimethinc_event_8,313,riot: crimethinc,9458
380,riot:_crimethinc,38830,38843,riot:_crimethinc_event_9,313,riot: crimethinc,9458
381,riot:_crimethinc,38898,38916,riot:_crimethinc_event_10,313,riot: crimethinc,9458
382,riot:_democrat-led_election_violence,50,62,riot:_democrat-led_election_violence_event_0,314,riot: democrat-led election violence,4890
383,riot:_democrat-led_election_violence,85,98,riot:_democrat-led_election_violence_event_1,314,riot: democrat-led election violence,4890
384,riot:_democrat-led_election_violence,1168,1180,riot:_democrat-led_election_violence_event_2,314,riot: democrat-led election violence,4890
385,riot:_democrat-led_election_violence,1210,1223,riot:_democrat-led_election_violence_event_3,314,riot: democrat-led election violence,4890
386,riot:_democrat-led_election_violence,1882,1901,riot:_democrat-led_election_violence_event_4,314,riot: democrat-led election violence,4890
387,riot:_democrat-led_election_violence,2758,2783,riot:_democrat-led_election_violence_event_5,314,riot: democrat-led election violence,4890
388,riot:_democrat-led_election_violence,2848,2887,riot:_democrat-led_election_violence_event_6,314,riot: democrat-led election violence,4890
389,riot:_democrat-led_election_violence,5825,5837,riot:_democrat-led_election_violence_event_7,314,riot: democrat-led election violence,4890
390,riot:_democrat-led_election_violence,6902,6914,riot:_democrat-led_election_violence_event_8,314,riot: democrat-led election violence,4890
391,riot:_democrat-led_election_violence,7270,7288,riot:_democrat-led_election_violence_event_9,314,riot: democrat-led election violence,4890
392,riot:_mis-framed_trump_email,512,579,riot:_mis-framed_trump_email_event_0,315,riot: mis-framed trump email,977
393,riot:_mis-framed_trump_email,582,595,riot:_mis-framed_trump_email_event_1,315,riot: mis-framed trump email,977
394,riot:_mis-framed_trump_email,595,620,riot:_mis-framed_trump_email_event_2,315,riot: mis-framed trump email,977
395,riot:_nigel_farage_prediction,492,601,riot:_nigel_farage_prediction_event_0,316,riot: nigel farage prediction,21199
396,riot:_riot_and_looting_around_elections,128,141,riot:_riot_and_looting_around_elections_event_0,318,riot: riot and looting around elections,251
397,riot:_violence_agianst_antifa,13,168,riot:_violence_agianst_antifa_event_0,320,riot: violence agianst antifa,5302
398,Statistics:_2%_Strategy_,350,362,Statistics:_2%_Strategy__event_0,322,Statistics: 2% Strategy ,66
399,Statistics:_98K_PA_Voters,478,607,Statistics:_98K_PA_Voters_event_0,323,Statistics: 98K PA Voters,41958
400,Statistics:_98K_PA_Voters,649,748,Statistics:_98K_PA_Voters_event_1,323,Statistics: 98K PA Voters,41958
401,Statistics:_African-American_Ballot_Rejections,1457,1598,Statistics:_African-American_Ballot_Rejections_event_0,324,Statistics: African-American Ballot Rejections,7230
402,Statistics:_African-American_Ballot_Rejections,1598,1775,Statistics:_African-American_Ballot_Rejections_event_1,324,Statistics: African-American Ballot Rejections,7230
403,Statistics:_African-American_Ballot_Rejections,2071,2086,Statistics:_African-American_Ballot_Rejections_event_2,324,Statistics: African-American Ballot Rejections,7230
404,Statistics:_Benford's_Law,250,277,Statistics:_Benford's_Law_event_0,325,Statistics: Benford's Law,78210
405,Statistics:_Benford's_Law,315,345,Statistics:_Benford's_Law_event_1,325,Statistics: Benford's Law,78210
406,Statistics:_Benford's_Law,722,790,Statistics:_Benford's_Law_event_2,325,Statistics: Benford's Law,78210
407,Statistics:_Benford's_Law,1119,1257,Statistics:_Benford's_Law_event_3,325,Statistics: Benford's Law,78210
408,Statistics:_Benford's_Law,1260,1419,Statistics:_Benford's_Law_event_4,325,Statistics: Benford's Law,78210
409,Statistics:_Chinese_Language_Election_Storm,39,57,Statistics:_Chinese_Language_Election_Storm_event_0,326,Statistics: Chinese Language Election Storm,835
410,Statistics:_Cities_That_Matter,161,207,Statistics:_Cities_That_Matter_event_0,327,Statistics: Cities That Matter,104064
411,Statistics:_Cities_That_Matter,236,315,Statistics:_Cities_That_Matter_event_1,327,Statistics: Cities That Matter,104064
412,Statistics:_JW_Counties_Over_100%,121,170,Statistics:_JW_Counties_Over_100%_event_0,330,Statistics: JW Counties Over 100%,6905
413,Statistics:_JW_Counties_Over_100%,172,212,Statistics:_JW_Counties_Over_100%_event_1,330,Statistics: JW Counties Over 100%,6905
414,Statistics:_JW_Counties_Over_100%,212,288,Statistics:_JW_Counties_Over_100%_event_2,330,Statistics: JW Counties Over 100%,6905
415,Statistics:_JW_Counties_Over_100%,417,500,Statistics:_JW_Counties_Over_100%_event_3,330,Statistics: JW Counties Over 100%,6905
416,Statistics:_JW_Counties_Over_100%,527,553,Statistics:_JW_Counties_Over_100%_event_4,330,Statistics: JW Counties Over 100%,6905
417,Statistics:_JW_Counties_Over_100%,561,580,Statistics:_JW_Counties_Over_100%_event_5,330,Statistics: JW Counties Over 100%,6905
418,Statistics:_JW_Counties_Over_100%,611,633,Statistics:_JW_Counties_Over_100%_event_6,330,Statistics: JW Counties Over 100%,6905
419,Statistics:_JW_Counties_Over_100%,655,674,Statistics:_JW_Counties_Over_100%_event_7,330,Statistics: JW Counties Over 100%,6905
420,Statistics:_JW_Counties_Over_100%,875,889,Statistics:_JW_Counties_Over_100%_event_8,330,Statistics: JW Counties Over 100%,6905
421,Statistics:_JW_Counties_Over_100%,1052,1085,Statistics:_JW_Counties_Over_100%_event_9,330,Statistics: JW Counties Over 100%,6905
422,Statistics:_JW_Counties_Over_100%,1124,1141,Statistics:_JW_Counties_Over_100%_event_10,330,Statistics: JW Counties Over 100%,6905
423,Statistics:_Kentucky_Fraud,263,283,Statistics:_Kentucky_Fraud_event_0,332,Statistics: Kentucky Fraud,1217
424,Statistics:_Kentucky_Fraud,294,311,Statistics:_Kentucky_Fraud_event_1,332,Statistics: Kentucky Fraud,1217
425,Statistics:_Kentucky_Fraud,326,394,Statistics:_Kentucky_Fraud_event_2,332,Statistics: Kentucky Fraud,1217
426,Statistics:_Math_Video,40,100,Statistics:_Math_Video_event_0,333,Statistics: Math Video,34217
427,Statistics:_Math_Video,940,978,Statistics:_Math_Video_event_1,333,Statistics: Math Video,34217
428,Statistics:_Numerical_Anomalies,0,100,Statistics:_Numerical_Anomalies_event_0,334,Statistics: Numerical Anomalies,41817
429,Statistics:_Numerical_Anomalies,170,269,Statistics:_Numerical_Anomalies_event_1,334,Statistics: Numerical Anomalies,41817
430,Statistics:_Wisconsin_Votes_>_Registered,321,335,Statistics:_Wisconsin_Votes_>_Registered_event_0,336,Statistics: Wisconsin Votes > Registered,100952
431,Statistics:_Wisconsin_Votes_>_Registered,385,428,Statistics:_Wisconsin_Votes_>_Registered_event_1,336,Statistics: Wisconsin Votes > Registered,100952
432,Statistics:_Wisconsin_Votes_>_Registered,487,625,Statistics:_Wisconsin_Votes_>_Registered_event_2,336,Statistics: Wisconsin Votes > Registered,100952
433,Statistics:_Wisconsin_Votes_>_Registered,645,732,Statistics:_Wisconsin_Votes_>_Registered_event_3,336,Statistics: Wisconsin Votes > Registered,100952
434,Statistics:_Wisconsin_Votes_>_Registered,1239,1288,Statistics:_Wisconsin_Votes_>_Registered_event_4,336,Statistics: Wisconsin Votes > Registered,100952
435,suppression:_robocall_stay_safe,513,565,suppression:_robocall_stay_safe_event_0,337,suppression: robocall stay safe,10943
436,suppression:_robocall_stay_safe,832,854,suppression:_robocall_stay_safe_event_1,337,suppression: robocall stay safe,10943
437,suppression:_robocall_stay_safe,869,889,suppression:_robocall_stay_safe_event_2,337,suppression: robocall stay safe,10943
438,supression:_GA_national_guard,237,252,supression:_GA_national_guard_event_0,340,supression: GA national guard,561
439,supression:_NC_BLM_pepper_spray,27,165,supression:_NC_BLM_pepper_spray_event_0,342,supression: NC BLM pepper spray,56302
440,supression:_NJ_disabled_only,1,43,supression:_NJ_disabled_only_event_0,343,supression: NJ disabled only,1046
441,supression:_NJ_disabled_only,58,80,supression:_NJ_disabled_only_event_1,343,supression: NJ disabled only,1046
442,supression:_NJ_not_allowed_to_vote,733,754,supression:_NJ_not_allowed_to_vote_event_0,344,supression: NJ not allowed to vote,386
443,supression:_NY_police_and_PPE,197,359,supression:_NY_police_and_PPE_event_0,346,supression: NY police and PPE,138287
444,supression:_NY_woman_denied_access_to_voting,326,587,supression:_NY_woman_denied_access_to_voting_event_0,347,supression: NY woman denied access to voting,64657
445,supression:_riggedthefilm,20919,20933,supression:_riggedthefilm_event_0,349,supression: riggedthefilm,915
446,supression:_Spanish_Language_Supression_at_Polls,11,30,supression:_Spanish_Language_Supression_at_Polls_event_0,351,supression: Spanish Language Supression at Polls,372
447,supression:_TX_immigrant_mistreatment,220,350,supression:_TX_immigrant_mistreatment_event_0,352,supression: TX immigrant mistreatment,25798
448,supression:_TX_immigrant_mistreatment,359,428,supression:_TX_immigrant_mistreatment_event_1,352,supression: TX immigrant mistreatment,25798
449,supression:_TX_immigrant_mistreatment,454,496,supression:_TX_immigrant_mistreatment_event_2,352,supression: TX immigrant mistreatment,25798
450,supression:_TX_immigrant_mistreatment,498,548,supression:_TX_immigrant_mistreatment_event_3,352,supression: TX immigrant mistreatment,25798
451,supression:_TX_immigrant_mistreatment,551,614,supression:_TX_immigrant_mistreatment_event_4,352,supression: TX immigrant mistreatment,25798
452,supression:_TX_immigrant_mistreatment,795,851,supression:_TX_immigrant_mistreatment_event_5,352,supression: TX immigrant mistreatment,25798
453,tech:_4chan_oregon_vote_change,16,238,tech:_4chan_oregon_vote_change_event_0,355,tech: 4chan oregon vote change,10934
454,tech:_antrim_vote_count,770,839,tech:_antrim_vote_count_event_0,356,tech: antrim vote count,38018
455,tech:_Dr._Shiva_MI_Glitch,576,637,tech:_Dr._Shiva_MI_Glitch_event_0,358,tech: Dr. Shiva MI Glitch,56995
456,tech:_ElectionGuard,20283,20301,tech:_ElectionGuard_event_0,359,tech: ElectionGuard,312
457,tech:_Feinstein_Pelosi_Election_Software,1029,1135,tech:_Feinstein_Pelosi_Election_Software_event_0,360,tech: Feinstein/Pelosi Election Software,15853
458,tech:_FL_voter_info_leaked,1112,1124,tech:_FL_voter_info_leaked_event_0,361,tech: FL voter info leaked,1216
459,tech:_FL_voter_info_leaked,1148,1174,tech:_FL_voter_info_leaked_event_1,361,tech: FL voter info leaked,1216
460,tech:_FL_voter_info_leaked,1306,1325,tech:_FL_voter_info_leaked_event_2,361,tech: FL voter info leaked,1216
461,tech:_Hammer_and_Scorecard,22878,23858,tech:_Hammer_and_Scorecard_event_0,362,tech: Hammer and Scorecard,2954454
462,tech:_Hammer_and_Scorecard,26585,26639,tech:_Hammer_and_Scorecard_event_1,362,tech: Hammer and Scorecard,2954454
463,tech:_Russia_2016_Hacking,1145,1176,tech:_Russia_2016_Hacking_event_0,366,tech: Russia 2016 Hacking,7232
464,tech:_Russia_2016_Hacking,1188,1249,tech:_Russia_2016_Hacking_event_1,366,tech: Russia 2016 Hacking,7232
465,tech:_Russia_2016_Hacking,1250,1411,tech:_Russia_2016_Hacking_event_2,366,tech: Russia 2016 Hacking,7232
466,tech:_Russia_2016_Hacking,1413,1433,tech:_Russia_2016_Hacking_event_3,366,tech: Russia 2016 Hacking,7232
467,tech:_Russia_2016_Hacking,1467,1489,tech:_Russia_2016_Hacking_event_4,366,tech: Russia 2016 Hacking,7232
468,tech:_Russia_2016_Hacking,1626,1666,tech:_Russia_2016_Hacking_event_5,366,tech: Russia 2016 Hacking,7232
469,tech:_Russia_2016_Hacking,3117,3157,tech:_Russia_2016_Hacking_event_6,366,tech: Russia 2016 Hacking,7232
470,tech:_Russian_Malware_ES&S_Diebold,726,789,tech:_Russian_Malware_ES&S_Diebold_event_0,367,tech: Russian Malware ES&S/Diebold,7984
471,tech:_Russian_Malware_ES&S_Diebold,955,1046,tech:_Russian_Malware_ES&S_Diebold_event_1,367,tech: Russian Malware ES&S/Diebold,7984
472,tech:_Russian_Malware_ES&S_Diebold,1533,1545,tech:_Russian_Malware_ES&S_Diebold_event_2,367,tech: Russian Malware ES&S/Diebold,7984
473,tech:_Zuckerberg_Hacking_WI,1456,1545,tech:_Zuckerberg_Hacking_WI_event_0,369,tech: Zuckerberg Hacking WI,12154
474,tech:_Zuckerberg_Hacking_WI,1787,1896,tech:_Zuckerberg_Hacking_WI_event_1,369,tech: Zuckerberg Hacking WI,12154
475,USPS:_28_million_missing_ballots,697,716,USPS:_28_million_missing_ballots_event_0,370,USPS: 28 million missing ballots,2020
476,USPS:_28_million_missing_ballots,1865,1878,USPS:_28_million_missing_ballots_event_1,370,USPS: 28 million missing ballots,2020
477,USPS:_28_million_missing_ballots,2167,2182,USPS:_28_million_missing_ballots_event_2,370,USPS: 28 million missing ballots,2020
478,USPS:_28_million_missing_ballots,20310,20323,USPS:_28_million_missing_ballots_event_3,370,USPS: 28 million missing ballots,2020
479,USPS:_28_million_missing_ballots,22121,22133,USPS:_28_million_missing_ballots_event_4,370,USPS: 28 million missing ballots,2020
480,USPS:_28_million_missing_ballots,22145,22157,USPS:_28_million_missing_ballots_event_5,370,USPS: 28 million missing ballots,2020
481,"USPS:_300,000_Undelivered_Ballots",470,537,"USPS:_300,000_Undelivered_Ballots_event_0",371,"USPS: 300,000 Undelivered Ballots",1136236
482,USPS:_Fake_Votes,8972,8992,USPS:_Fake_Votes_event_0,372,USPS: Fake Votes,1160
483,USPS:_FL_23%_rejected_mail-in,829,955,USPS:_FL_23%_rejected_mail-in_event_0,374,USPS: FL 23% rejected mail-in,254801
484,USPS:_FL_23%_rejected_mail-in,1719,1941,USPS:_FL_23%_rejected_mail-in_event_1,374,USPS: FL 23% rejected mail-in,254801
485,USPS:_FL_23%_rejected_mail-in,2446,2501,USPS:_FL_23%_rejected_mail-in_event_2,374,USPS: FL 23% rejected mail-in,254801
486,USPS:_FL_Mail_Room,52,215,USPS:_FL_Mail_Room_event_0,376,USPS: FL Mail Room,30210
487,USPS:_FL_Mail_Room,611,658,USPS:_FL_Mail_Room_event_1,376,USPS: FL Mail Room,30210
488,USPS:_NJ_worker_dumps_mail,2847,2869,USPS:_NJ_worker_dumps_mail_event_0,377,USPS: NJ worker dumps mail,5093
489,USPS:_NV_Veritas,90,157,USPS:_NV_Veritas_event_0,378,USPS: NV Veritas,226972
490,USPS:_PA_Long_Wait,428,571,USPS:_PA_Long_Wait_event_0,380,USPS: PA Long Wait,10358
491,USPS:_PA_Long_Wait,577,589,USPS:_PA_Long_Wait_event_1,380,USPS: PA Long Wait,10358
492,USPS:_PA_Mail_Carrier_Trash_Ballot,58,99,USPS:_PA_Mail_Carrier_Trash_Ballot_event_0,381,USPS: PA Mail Carrier Trash Ballot,15224
493,USPS:_PA_Mail_Carrier_Trash_Ballot,143,331,USPS:_PA_Mail_Carrier_Trash_Ballot_event_1,381,USPS: PA Mail Carrier Trash Ballot,15224
494,USPS:_PA_stop_delivery_whistleblower,144,204,USPS:_PA_stop_delivery_whistleblower_event_0,382,USPS: PA stop delivery whistleblower,72129
495,USPS:_Postal_Workers_Partisan,3355,3394,USPS:_Postal_Workers_Partisan_event_0,383,USPS: Postal Workers Partisan,292
496,voting_info:_12th_Amendment,344,356,voting_info:_12th_Amendment_event_0,384,voting info: 12th Amendment,5253
497,voting_info:_12th_Amendment,670,682,voting_info:_12th_Amendment_event_1,384,voting info: 12th Amendment,5253
498,voting_info:_12th_Amendment,707,719,voting_info:_12th_Amendment_event_2,384,voting info: 12th Amendment,5253
499,voting_info:_12th_Amendment,1355,1413,voting_info:_12th_Amendment_event_3,384,voting info: 12th Amendment,5253
500,voting_info:_abuse_and_public_records,15117,15151,voting_info:_abuse_and_public_records_event_0,385,voting info: abuse and public records,1617
501,voting_info:_abuse_and_public_records,15195,15281,voting_info:_abuse_and_public_records_event_1,385,voting info: abuse and public records,1617
502,voting_info:_abuse_and_public_records,15282,15305,voting_info:_abuse_and_public_records_event_2,385,voting info: abuse and public records,1617
503,voting_info:_abuse_and_public_records,15379,15394,voting_info:_abuse_and_public_records_event_3,385,voting info: abuse and public records,1617
504,voting_info:_abuse_and_public_records,16545,16558,voting_info:_abuse_and_public_records_event_4,385,voting info: abuse and public records,1617
505,voting_info:_ads_say_vote_not_counted,2980,2992,voting_info:_ads_say_vote_not_counted_event_0,386,voting info: ads say vote not counted,436
506,voting_info:_anyone_can_votes_as_often_as_you_wish,13806,13821,voting_info:_anyone_can_votes_as_often_as_you_wish_event_0,387,voting info: anyone can votes as often as you wish,85
507,voting_info:_ballot_surredering,154,247,voting_info:_ballot_surredering_event_0,389,voting info: ballot surredering,9915
508,voting_info:_ballot_surredering,467,504,voting_info:_ballot_surredering_event_1,389,voting info: ballot surredering,9915
509,voting_info:_CA_fake_voting_center,2,91,voting_info:_CA_fake_voting_center_event_0,390,voting info: CA fake voting center,2244
510,voting_info:_CO_postcards,11385,11445,voting_info:_CO_postcards_event_0,391,voting info: CO postcards,1073
511,voting_info:_CO_postcards,11499,11562,voting_info:_CO_postcards_event_1,391,voting info: CO postcards,1073
512,voting_info:_MI_robocalls,743,815,voting_info:_MI_robocalls_event_0,397,voting info: MI robocalls,30294
513,voting_info:_MS_return_absentee_ballots_in_person,6326,6341,voting_info:_MS_return_absentee_ballots_in_person_event_0,399,voting info: MS return absentee ballots in person,3439
514,voting_info:_MS_return_absentee_ballots_in_person,7214,7228,voting_info:_MS_return_absentee_ballots_in_person_event_1,399,voting info: MS return absentee ballots in person,3439
515,voting_info:_NC_wrong_ballot,22,87,voting_info:_NC_wrong_ballot_event_0,403,voting info: NC wrong ballot,27314
516,voting_info:_NC_wrong_ballot,105,118,voting_info:_NC_wrong_ballot_event_1,403,voting info: NC wrong ballot,27314
517,voting_info:_NY_voting_process,21,33,voting_info:_NY_voting_process_event_0,405,voting info: NY voting process,195
518,voting_info:_poll_worker_ballot_marks,799,824,voting_info:_poll_worker_ballot_marks_event_0,408,voting info: poll worker ballot marks,5092
519,voting_info:_poll_worker_ballot_marks,857,951,voting_info:_poll_worker_ballot_marks_event_1,408,voting info: poll worker ballot marks,5092
520,voting_info:_poll_worker_ballot_marks,981,1065,voting_info:_poll_worker_ballot_marks_event_2,408,voting info: poll worker ballot marks,5092
521,voting_info:_poll_worker_ballot_marks,1353,1371,voting_info:_poll_worker_ballot_marks_event_3,408,voting info: poll worker ballot marks,5092
522,voting_info:_Too_Late_to_Send_Mail_Ballots,2237,2696,voting_info:_Too_Late_to_Send_Mail_Ballots_event_0,411,voting info: Too Late to Send Mail Ballots,108024
523,voting_info:_US_constitution_amendment,23,41,voting_info:_US_constitution_amendment_event_0,414,voting info: US constitution amendment,478
524,voting_info:_US_constitution_amendment,59,75,voting_info:_US_constitution_amendment_event_1,414,voting info: US constitution amendment,478
525,voting_info:_vote_by_mail_for_warrants_robocalls,0,132,voting_info:_vote_by_mail_for_warrants_robocalls_event_0,415,voting info: vote by mail for warrants robocalls,25116
526,Voting_Twice:_58%_Double_Democrats,741,1130,Voting_Twice:_58%_Double_Democrats_event_0,420,Voting Twice: 58% Double Democrats,45371
527,Voting_Twice:_5_Ballots,1,31,Voting_Twice:_5_Ballots_event_0,421,Voting Twice: 5 Ballots,3396
528,Voting_Twice:_CA_Video,700,723,Voting_Twice:_CA_Video_event_0,422,Voting Twice: CA Video,17378
529,Voting_Twice:_Gateway_Pundit_Election_Officials,419,526,Voting_Twice:_Gateway_Pundit_Election_Officials_event_0,423,Voting Twice: Gateway Pundit Election Officials,2071
530,Voting_Twice:_Hannity_Virginia_Voters,894,1073,Voting_Twice:_Hannity_Virginia_Voters_event_0,424,Voting Twice: Hannity Virginia Voters,49851
531,Voting_Twice:_Hannity_Virginia_Voters,1255,1304,Voting_Twice:_Hannity_Virginia_Voters_event_1,424,Voting Twice: Hannity Virginia Voters,49851
532,Voting_Twice:_Hannity_Virginia_Voters,2406,2463,Voting_Twice:_Hannity_Virginia_Voters_event_2,424,Voting Twice: Hannity Virginia Voters,49851
533,Voting_Twice:_Hannity_Virginia_Voters,4474,4503,Voting_Twice:_Hannity_Virginia_Voters_event_3,424,Voting Twice: Hannity Virginia Voters,49851
534,Voting_Twice:_Hannity_Virginia_Voters,6444,6484,Voting_Twice:_Hannity_Virginia_Voters_event_4,424,Voting Twice: Hannity Virginia Voters,49851
535,Voting_Twice:_Hannity_Virginia_Voters,8701,8729,Voting_Twice:_Hannity_Virginia_Voters_event_5,424,Voting Twice: Hannity Virginia Voters,49851
536,Voting_Twice:_Hannity_Virginia_Voters,10496,10532,Voting_Twice:_Hannity_Virginia_Voters_event_6,424,Voting Twice: Hannity Virginia Voters,49851
537,Voting_Twice:_Melania_Votes,460,496,Voting_Twice:_Melania_Votes_event_0,425,Voting Twice: Melania Votes,2517
538,Voting_Twice:_Melania_Votes,529,541,Voting_Twice:_Melania_Votes_event_1,425,Voting Twice: Melania Votes,2517
539,Voting_Twice:_NH_2016_Double_Vote,5,25,Voting_Twice:_NH_2016_Double_Vote_event_0,427,Voting Twice: NH 2016 Double Vote,5038
540,Voting_Twice:_NH_2016_Double_Vote,17625,17653,Voting_Twice:_NH_2016_Double_Vote_event_1,427,Voting Twice: NH 2016 Double Vote,5038
541,Voting_Twice:_PA_Duplicates,344,456,Voting_Twice:_PA_Duplicates_event_0,428,Voting Twice: PA Duplicates,87889
542,Voting_Twice:_PA_Duplicates,498,561,Voting_Twice:_PA_Duplicates_event_1,428,Voting Twice: PA Duplicates,87889
543,Watermark:_DHS_Sting,533,1229,Watermark:_DHS_Sting_event_0,429,Watermark: DHS Sting,131906
